"SMILES","CM"
"NC1C=CC2=C(N=1)NC3=CC=CC=C23","cymy"
"CC=O","cymn"
"CC=NN(C)C=O","cymn"
"CC(=O)N","cymn"
"C1(=CC=C(C=C1)O)NC(C)=O","cymn"
"O=S(=O)(C1=CC=C(C=C1)C(=O)C)NC(=O)NC2CCCCC2","cnmn"
"CC#N","cnmn"
"C1(NNC(C)=O)=CC=CC=C1","cymy"
"C12C3=C(C=CC=C3)CC1=CC(=CC=2)NC(C)=O","cymy"
"C=CC=O","cnmy"
"NC(=O)C=C","cymn"
"OC(=O)C=C","cnmn"
"C=CC#N","cymy"
"C12C(OC3=C(N=1)C(=CC=C3C)C(N[C@@H]4C(N[C@@H](C(N5[C@@H](CCC5)C(N(CC(N([C@H](C(O[C@H]4C)=O)C(C)C)C)=O)C)=O)=O)C(C)C)=O)=O)=C(C(C(=C2C(N[C@@H]6C(N[C@@H](C(N7[C@@H](CCC7)C(N(CC(N([C@H](C(O[C@H]6C)=O)C(C)C)C)=O)C)=O)=O)C(C)C)=O)=O)N)=O)C","cymn"
"NC(=O)CCCCC(=O)N","cnmn"
"O=C(N)\C(C2=CC=CO2)=C/C1=CC=C([N+]([O-])=O)O1","cymy"
"C12=C3C(C4=C(C(O3)=O)C(=O)CC4)=C(C=C1OC5C2C=CO5)OC","cymy"
"CC(C=NOC(=O)NC)(SC)C","cnmn"
"C=CCO","cnmn"
"C=CCCl","cnmy"
"O=C(CC(C)C)OCC=C","cymn"
"O=C1C2=C(C(=CC(=C2C(=O)C3=C1C=CC=C3)Br)Br)N","cymy"
"CCN1(C2C(=CC=CC=2)C3=C1C=CC(=C3)N).[H]Cl","cymy"
"CCN1(C2C(=CC=CC=2)C3=C1C=CC(=C3)N)","cymy"
"O=C1C2=C(C(=CC=C2C(=O)C3=C1C=CC=C3)C)N","cymy"
"NC1=NC(C2=CC=C([N+]([O-])=O)O2)=CS1","cymy"
"O=[N+](C1=CN=C(S1)N)[O-]","cymy"
"O=C1C2=CC(=CC=C2C(=O)C3=C1C=CC=C3)N","cymy"
"CC1=C(C=CC=C1)/N=N/C2=CC(=C(C=C2)N)C","cymy"
"NC1=CC=C(C=C1)C2=CC=CC=C2","cymy"
"C1(N=CNN=1)N","cymn"
"OC(=O)CCCCCCCCCCN","cymn"
"O=S(O)(O)=O.C1(=CC=CC=C1CC(N)C).C2=CC=CC=C2CC(N)C","cnmn"
"[H][C@@]12[C@]([H])(NC([C@H](N)C3=CC=CC=C3)=O)C(N1[C@@H]([C@@](O)=O)C(C)(C)S2)=O.O.O.O","cnmn"
"ClC1=NC(=NC(=N1)NC2=CC=CC=C2Cl)Cl","cnmn"
"NC1=CC=CC=C1[H]Cl","cymn"
"C1(=C(C=CC=C1)N)OC.[H]Cl","cymy"
"C1(=CC=C(N)C=C1)OC.[H]Cl","cnmy"
"NC1=C(C=CC=C1)C(=O)O","cnmn"
"O=C1C2=C(C=CC=C2)C(=O)C3=C1C=CC=C3","cnmy"
"[O-][N+](C1=CC(C(OC)=CC=C4)=C4C2=C1C(C([O-])=O)=CC3=C2OCO3)=O.[Na+]","cymy"
"ClC2=C(C=CC(Cl)=C2Cl)C1=C(Cl)C(Cl)=CC=C1","cymn"
"OC=1[C@H](OC(=O)C=1O)[C@@H](O)CO","cnmn"
"OC(=O)C1=C(C=CC=C1)OC(=O)C","cnmn"
"ClC1=NC(=NC(=N1)NC(C)C)NCC","cymn"
"N=C(C2=CC=C(N(C)C)C=C2)C1=CC=C(N(C)C)C=C1.[H]Cl","cymy"
"N/C1=N/C(=O)N(/C=N1)[C@@H]2O[C@H](CO)[C@@H](O)[C@H]2O","cymy"
"[O-][N+](C(N=C3)=C(SC1=NC=NC2=C1NC=N2)N3C)=O","cymy"
"[Na+].[N-]=[N+]=[N-]","cnmy"
"O=C1C2=C(C=CC=C2)N=NN1CSP(=S)(OC)OC","cnmy"
"C1(/N=N/C2=CC=CC=C2)=CC=CC=C1","cymy"
"C[N+](=NC)[O-]","cymy"
"C\C1=C\N(C(=O)NC1=O)[C@H]2C[C@H](/N=[N+]=[N-])[C@@H](CO)O2","cymy"
"[Cl-].[Ba+2].[Cl-].O.O","cnmn"
"O=CC1=CC=CC=C1","cymn"
"C1=CC=CC=C1","cymn"
"NC1=CC=C(C2=CC=C(N)C=C2)C=C1","cymy"
"C1(C2=CC=C(C=C2)N)=CC=C(C=C1)N.[H]Cl.[H]Cl","cymy"
"C1=CC2=CC=CC3=CC=C4C(=C23)C1=C5C(=C4)C=CC=C5","cymy"
"C1=COC2=C1C=CC=C2","cymn"
"C1=CC=CC(=C1)C(C(C2=CC=CC=C2)=O)O","cnmn"
"O=C1C=CC(=O)C=C1","cymn"
"N1=C(SSC2=NC3=C(C=CC=C3)S2)SC4=C1C=CC=C4","cnmy"
"N1C2=C(C=CC=C2)N=N1","cnmy"
"ClC(C1=CC=CC=C1)(Cl)Cl","cymy"
"CC(=O)OCC1=CC=CC=C1","cymn"
"OCC1=CC=CC=C1","cnmn"
"ClCC1=CC=CC=C1","cymy"
"[Be+2].O=S(=O)([O-])[O-]","cnmn"
"C1=C(C=CC=C1)C2=CC=CC=C2","cnmn"
"OCC(CO)(CBr)CBr","cymy"
"CCCC[Sn](O[Sn](CCCC)(CCCC)CCCC)(CCCC)CCCC","cnmn"
"CC(CCl)OC(C)CCl","cymy"
"C1=CC=C2C(=C1)N=C(N=C2N(CCO)CCO)C3=CC=C(S3)[N+]([O-])=O","cymn"
"C(C1C=CC(=CC=1)O)(C2=CC=C(C=C2)O)(C)C","cnmn"
"NC1=C5C(C=C(S(=O)([O-])=O)C(/N=N/C6=CC=CC=C6)=C5O)=CC(S(=O)([O-])=O)=C1/N=N/C2=CC=C(C3=CC=C(/N=N/C4=C(N)C=C(N)C=C4)C=C3)C=C2.[Na+].[Na+]","cymy"
"O=S(C1=C(/N=N/C2=CC=C(C3=CC=C(\N=N/C4=C(S(=O)([O-])=O)C=C5C(C(N)=CC(S(=O)([O-])=O)=C5)=C4O)C=C3)C=C2)C(O)=C(C(N)=CC(S(=O)([O-])=O)=C6)C6=C1)([O-])=O.[Na+].[Na+].[Na+].[Na+]","cymy"
"C12C(=CC(=C(C=1O)/N=N/C3=C(C=C(C=C3)C4=CC(=C(C=C4)/N=N/C5=C(C=C6C(=C5O)C(=CC(=C6)S(=O)(=O)[O-])N)S(=O)(=O)[O-])OC)OC)S(=O)(=O)[O-])C=C(C=C2N)S(=O)(=O)[O-].[Na+].[Na+].[Na+].[Na+]","cymy"
"NC1=CC(S(=O)([O-])=O)=CC2=C1C(O[Cu]OC4=C(C=CC(C5=CC(O[Cu]OC7=C(C(S(=O)([O-])=O)=CC8=C7C(N)=CC(S(=O)([O-])=O)=C8)\N=N6)=C/6C=C5)=C4)\N=N3)=C/3C(S(=O)([O-])=O)=C2.[Na+].[Na+].[Na+].[Na+]","cymn"
"O=C1C2=C(C(=CC=C2N)N)C(=O)C3=C(C=CC(=C13)N)N","cymy"
"C1(=C2/C(C3=CC(S(=O)(=O)[O-])=CC=C3N2)=O)/C(C4=CC(S(=O)(=O)[O-])=CC=C4N1)=O.[Na+].[Na+]","cnmn"
"C1(=C(C=CC(=C1)N(CCO)CCO)NC)[N+]([O-])=O","cymy"
"C1(=C(C=CC(=C1)N(CCO)CCO)NCCO)[N+]([O-])=O","cnmy"
"OB(O)O","cnmn"
"Br(=O)(=O)[O-].[K+]","cymy"
"ClC(Cl)Br","cymy"
"CCBr","cymy"
"OCCBr","cymy"
"C=CC=C","cymy"
"CCCCOCCO","cymn"
"CC(C)(C)O","cymn"
"CCCCCl","cnmn"
"OC1=C(C=C(C=C1C(CC)C)[N+](=O)[O-])[N+](=O)[O-]","cnmn"
"C(C1=CC=C(C=C1)O)(=O)OCCCC","cnmn"
"N(CCCCO)(CCCC)N=O","cymy"
"O=C(N(CCCC)N=O)N","cymy"
"OC1=CC=C(C=C1C(C)(C)C)OC","cymn"
"OC1=C(C=C(C=C1C(C)(C)C)C)C(C)(C)C","cymn"
"CC(C)(C)c1cc(O)ccc1O","cnmn"
"O=C1CCCO1","cnmn"
"[Cl-].[Cd+2].[Cl-]","cymn"
"OC1=C(C=CC(=C1)/C=C/C(=O)O)O","cymn"
"O=C1C2=C(N=CN2C)N(C(=O)N1C)C","cnmn"
"O=C1CCCCCN1","cnmn"
"OC1=C(C=C(C=C1)CNC(=O)CCCC/C=C/C(C)C)OC","cymn"
"C12C(C(=O)N(C1=O)SC(C(Cl)Cl)(Cl)Cl)C\C=C/C2","cymn"
"O=C1N(C(=O)C2C1CC=CC2)SC(Cl)(Cl)Cl","cymy"
"C(NN)(N)=O.Cl","cymn"
"O[As](=O)(C1=CC=C(C=C1)NC(=O)N)O","cnmn"
"C12C3=C(C=CC=C3)NC1=CC=CC=2","cymn"
"ClC(Cl)(Cl)Cl","cymn"
"N(C(=O)N)(N=O)CC(=O)O","cymn"
"BrC(C(=O)NC(=O)N)(CC)CC","cnmn"
"CC2(C)CCCC(\C)=C2\C=C\C(\C)=C\C=C\C(\C)=C\C=C\C=C(/C)\C=C\C=C(/C)\C=C\C1=C(/C)CCCC1(C)C","cnmy"
"O=C1C[C@H](C\C=C1\C)C(C)=C","cnmn"
"OC1=C(C=CC=C1)O","cymn"
"ClCCN(C1=CC=C(C=C1)CCCC(=O)O)CCCl","cymy"
"O=C1C(=C(C(=O)C(=C1Cl)Cl)Cl)Cl","cnmy"
"ClC2(C(Cl)3Cl)C(Cl)=C(Cl)C3(Cl)C1CC(Cl)C(Cl)C12","cymn"
"ClC2(Cl)C1(Cl)C(\Cl)=C(\Cl)C2(Cl)C(C1C(O)=O)C(O)=O","cymn"
"ClC(CC(Cl)C(Cl)CCC(Cl)CC)C(Cl)C(Cl)CCl","cymn"
"O=P([O-])([O-])[O-].O=P([O-])([O-])[O-].O=P([O-])([O-])[O-].O=P([O-])([O-])[O-].Cl[O-].[Na+].[Na+].[Na+].[Na+].[Na+].[Na+].[Na+].[Na+].[Na+].[Na+].[Na+].[Na+].[Na+]","cnmy"
"ClCl","cnmn"
"CC(=C)CCl","cymn"
"CC(=C)CCl","cymy"
"ClC1=C(C=CC=C1)[N+](=O)[O-]","cymy"
"O=[N+](C1=CC=C(C=C1)Cl)[O-]","cymy"
"NC1=C(C=CC(=C1)N)Cl","cymy"
"NC1=C(C=CC(=C1)Cl)N","cymy"
"Nc1cc(Cl)c(N)cc1.OS(O)(=O)=O","cnmy"
"OC(C)CCl","cnmy"
"ClC1=C(C=CC(=C1)N)C","cnmn"
"NC1=CC(=CC=C1C)Cl","cymn"
"C1(=C(C=CC(=C1)Cl)N)C.[H]Cl","cymn"
"C(CCl)(F)(F)F","cymn"
"O=C(C1=CC=CC=C1)CCl","cnmn"
"ClCC(=O)C1=CC=C(NC(=O)C)C=C1","cnmy"
"NC1=CC=C(C=C1)Cl","cnmy"
"C1(=CC=C(Cl)C=C1)N.[H]Cl","cymy"
"ClC1=CC=CC=C1C=C(C#N)C#N","cnmy"
"OC(C1=CC=C(C=C1)Cl)(C2=CC=C(C=C2)Cl)C(=O)OCC","cymn"
"C([N+](C)(C)C)CCl.[Cl-]","cnmn"
"ClC(Cl)Cl","cymn"
"ClCOC","cymn"
"C1(C=CC=CN=1)CCl.Cl","cnmy"
"C1(=CC=CN=C1)CCl.[H]Cl","cymy"
"O=C(N(C)C)NC1=CC=C(C=C1)Cl","cymn"
"ClC([N+](=O)[O-])(Cl)Cl","cnmy"
"C=C(Cl)C=C","cymn"
"C=C(Cl)C=C","cnmn"
"ClC1=C(C(=C(C(=C1C#N)Cl)Cl)Cl)C#N","cymn"
"O[C@H]1O[C@H](CO)[C@@H](O)[C@H](O)[C@H]1NC(=O)N(CCCl)N=O","cymy"
"C[N+](CCC(C1=CC=C(C=C1)Cl)C2=NC=CC=C2)C.C(\C(=C(/C(=O)[O-])[H])[H])(=O)O","cnmn"
"O=S(=O)(C1=CC=C(C=C1)Cl)NC(=O)NCCC","cnmn"
"C([N+](C)(C)C)CO.[Cl-]","cnmn"
"O=C1C2=C(C=CC=C2O)C(=O)C3=CC=CC(=C13)O","cymy"
"O=C/C=C/C1=CC=CC=C1","cnmn"
"NC1=C(C=CC=C1)C(=O)OC/C=C/C2=CC=CC=C2","cymn"
"O=CC=C(CCC=C(C)C)C","cnmn"
"O.O.O.O.[Co+2].O.O.O.[O-]S([O-])(=O)=O","cymy"
"O[C@@H]1C2[C@@]34C5=C(C=CC(=C5O2)OC)CC(C3C=C1)N(C)CC4","cnmn"
"CC1=C(Cl)C(=O)OC2=C1C=CC(=C2)OP(=S)(OCC)OCC","cnmn"
"O=C1OC2=C(C=CC=C2)C=C1","cymy"
"COC1=CC(=C(C=C1)N)C","cymy"
"NC1=CC(=CC=C1OC)C","cymy"
"[N+].C1(N(N=O)[O-])=CC=CC=C1","cymy"
"[Ca+2].[N-2]C#N","cnmy"
"O=C1CCCCC1","cnmn"
"C1(CCCCC1)N.[H]Cl","cnmn"
"ClCCN(CCCl)[P]1(=O)NCCCO1","cymy"
"C[C@H](C\C=C\C)[C@@H](O)[C@@H]1N(C)C(=O)[C@H](C(C)C)N(C)C(=O)[C@H](CC(C)C)N(C)C(=O)[C@H](CC(C)C)N(C)C(=O)[C@@H](C)NC(=O)[C@H](C)NC(=O)[C@H](CC(C)C)N(C)C(=O)[C@@H](NC(=O)[C@H](CC(C)C)N(C)C(=O)CN(C)C(=O)[C@H](CC)NC1=O)C(C)C","cnmn"
"O=C(/C=C(C(C1=CC=C(C=C1)OC)=O)/Br)[O-].[Na+]","cymy"
"O=C(N)C1=C(N=CN1)/N=N/N(C)C","cymy"
"O=C(CCC(=O)O)NN(C)C","cymn"
"O=S(=O)(C1=CC=C(C=C1)N)C2=CC=C(C=C2)N","cymn"
"ClC(C(C1=C(C=CC=C1)Cl)C2=CC=C(C=C2)Cl)Cl","cnmn"
"ClC(C(C1=CC=C(C=C1)Cl)C2=CC=C(C=C2)Cl)Cl","cymn"
"ClC(=C(C1=CC=C(C=C1)Cl)C2=CC=C(C=C2)Cl)Cl","cymn"
"ClC(C(C1=CC=C(C=C1)Cl)C2=CC=C(C=C2)Cl)(Cl)Cl","cymn"
"BrC1=C(OC2=C(Br)C(Br)=C(Br)C(Br)=C2Br)C(Br)=C(Br)C(Br)=C1Br","cymn"
"BrC1=C(OC2=C(Br)C(Br)=C(Br)C(Br)=C2Br)C(Br)=C(Br)C(Br)=C1Br","cnmn"
"Br/C(Br)=C/[C@H]3[C@@H](C(=O)O[C@H](C#N)c2cccc(Oc1ccccc1)c2)C3(C)C","cnmn"
"O=C(C1=C(C=CC=C1)C(=O)OCC=C)OCC=C","cnmn"
"C=CCN(CC=C)N=O","cymy"
"C1(=C(/C=C/C2=C(S(=O)(=O)[O-])C=C(C=C2)N)C=CC(=C1)N)S(=O)(=O)[O-].[Na+].[Na+]","cnmn"
"NC(C=C(C=C1)N)=C1OC.O=S(O)(O)=O","cymy"
"NC1=C(C=CC(=C1)N)C","cymy"
"NC1(=C(C=CC(=C1)N)C).[H]Cl.[H]Cl","cymy"
"C1(=CC(=C(C(=C1)N)C)N).[H]Cl.[H]Cl","cnmy"
"NC1=C(C)C=C(N)C=C1.O=S(O)(O)=O","cnmy"
"CN1C2=C(C=C(C=C2)Cl)C(=NCC1=O)C3=CC=CC=C3","cnmn"
"S=P(OC1=NC(=NC(=C1)C)C(C)C)(OCC)OCC","cnmn"
"O1C2=C(C=CC=C2)OC3=CC=CC=C13","cnmn"
"BrC(CCl)CBr","cymy"
"O[C@@H]([C@@H](O)[C@H](O)CBr)[C@@H](O)CBr","cymy"
"BrCCBr","cymy"
"O[C@H]([C@H](O)CBr)[C@H](O)[C@H](O)CBr","cymy"
"CC(=O)O[Sn](OC(=O)C)(CCCC)CCCC","cnmn"
"O=CC(\Cl)=C(\Cl)C(O)=O","cnmy"
"O=[N+](C1=CC(=C(C(=C1)Cl)N)Cl)[O-]","cnmy"
"NC1=C(C=C(C=C1Cl)N)Cl","cymy"
"OC(=O)C(Cl)Cl","cymy"
"ClC1=C(C=CC=C1)Cl","cnmn"
"ClC1=CC=C(C=C1)Cl","cymn"
"ClC1=C(C=CC(=C1)C2=CC(=C(C=C2)N)Cl)N","cymy"
"ClC1=CC2=C(C=C1)OC3=C(C=CC(=C3)Cl)O2","cnmn"
"S(=O)(=O)(c1ccc(Cl)cc1)c2ccc(Cl)cc2","cnmn"
"CC(Cl)Cl","cnmn"
"ClCCCl","cymy"
"ClC1=C(C=CC(=C1)Cl)O","cnmn"
"ClC1=C(C=CC(=C1)Cl)OCC(=O)O","cnmn"
"ClC1=C(C=CC(=C1)Cl)OCC(=O)OCCCC","cnmn"
"O=C(COC1=C(Cl)C=C(Cl)C=C1)OCC(CC)CCCC","cnmn"
"CC(Cl)CCl","cymy"
"O=P(OC=C(Cl)Cl)(OC)OC","cymy"
"S=C(NC1CCCCC1)NC1CCCCC1","cnmn"
"Cl\C2=C(/Cl)C3(Cl)C1C4CC(C1C2(Cl)C3(Cl)Cl)C5OC45","cymn"
"ClC6C4(Cl)C3C1C5C(C3C2OC12)C4(Cl)C(Cl)(Cl)C56Cl","cnmy"
"CCN(CC)C(=O)C1=CC=CC(C)=C1","cnmn"
"S=P(OC1=NC(=C(C=C1Cl)Cl)Cl)(OCC)OCC","cnmn"
"OC2=CC=C(C=C2)/C(CC)=C(CC)/C1=CC=C(O)C=C1","cymn"
"S=C(NCC)NCC","cymn"
"C1=C(C=CC=C1OCC2CO2)OCC3CO3","cymy"
"O=C1OC2=C(C=CC=C2)CC1","cymn"
"CCCC1=CC2=C(C=C1)OCO2","cymn"
"C1(=C(C(OCCCCCCC(C)C)=O)C=CC=C1)C(OCCCCCCC(C)C)=O","cymn"
"S=P(SCC(=O)NC)(OC)OC","cnmy"
"CC1CC(OC(O1)C)OC(=O)C","cymy"
"CC1CC(OC(O1)C)OC(=O)C","cnmy"
"C1(=CC(=CC=C1N)OC)OC.[H]Cl","cnmy"
"COC1=C(C=CC(=C1)C2=CC(=C(C=C2)N=C=O)OC)N=C=O","cymy"
"NC1=CC=C(C2=CC=C(N)C(OC)=C2)C=C1OC.Cl.Cl","cymy"
"O=P(H)(OC)OC","cymy"
"P(=O)(OC)(OC)N1CCOCC1","cymn"
"O=C(C1=CC=C(C=C1)C(=O)OC)OC","cnmn"
"CN(C)C(C)=O","cnmn"
"CN(C)CNc2nnc(/C=C/c1ccc(o1)[N+]([O-])=O)o2","cymy"
"O=C1N(C2=CC=CC=C2)N(C(=C1N(C)C)C)C","cnmy"
"C1(C2=CC(=C(N)C=C2)C)(=CC(=C(N)C=C1)C).[H]Cl.[H]Cl","cymy"
"O=C(N(C)C)Cl","cymy"
"CN(C=O)C","cnmn"
"CN(C)N","cymy"
"N(NC)C.[H]Cl.[H]Cl","cymy"
"[O-][N+](C2=CC=C(O2)C1=CSC(NN(C)C)=N1)=O","cymy"
"C\C(C)=C/Cl","cymy"
"O=NN(CCN1N=O)CCC1","cymy"
"O=NN1CCN(N=O)CC1","cymy"
"CC1=C(C=C(C=C1)[N+](=O)[O-])[N+](=O)[O-]","cymy"
"CC1=C(C=C(C=C1)[N+](=O)[O-])[N+](=O)[O-]","cnmy"
"C1COCCO1","cymn"
"S=P(SC1C(SP(=S)(OCC)OCC)OCCO1)(OCC)OCC","cnmy"
"C(C1=CC=CC=C1)(C2=CC=CC=C2)OCCN(C)C.[H]Cl","cnmn"
"N(C1=CC=C(C=C1)NC2=CC=CC=C2)C3=CC=CC=C3","cnmy"
"OC(OC(O)CC)CC","cnmn"
"NC(=S)NNC(=S)N","cnmn"
"C(CC(=O)O)C(=O)O.C(OCCN(C)C)(C)(C1=CC=CC=C1)C2=CC=CC=N2","cymn"
"C([O-])(=O)CN(CC(=O)O)CCN(CC([O-])=O)CC([O-])=O.[Na+].[Na+].[Na+].[H]O[H].[H]O[H].[H]O[H]","cnmn"
"O=C1c2c(O)cc(C)cc2C(=O)c3cc(O)cc(O)c13","cnmy"
"Cl\C2=C(/Cl)C3(Cl)C1COS(=O)OCC1C2(Cl)C3(Cl)Cl","cnmn"
"Cl\C2=C(/Cl)C3(Cl)C1C4CC(C1C2(Cl)C3(Cl)Cl)C5OC45","cnmn"
"FC(C(F)Cl)(OC(F)F)F","cnmn"
"O=S(O)(O)=O.O[C@@H]([C@H](C)NC)[C@@]1=CC=CC=C1.O[C@@H]([C@H](C)NC)[C@@]2=CC=CC=C2","cnmn"
"ClCC1CO1","cymy"
"CCC1CO1","cymy"
"OC1(=C(O)C(=O)O[C@H]1[C@@H](C[O-])O).[Na+]","cnmn"
"O=C(O[C@H](CC)[C@](O)(C)[C@H](O)[C@@H](C)C2=O)[C@H](C)[C@@H](O[C@H]3C[C@](OC)(C)[C@@H](O)[C@H](C)O3)[C@H](C)[C@H]([C@@](O)(C)C[C@H]2C)O[C@H]1[C@H](O)[C@@H]([N@H+](C)C)C[C@@H](C)O1.[O-]C(CCCCCCCCCCCCCCCCC)=O","cnmn"
"NC(CCSCC)C(=O)O","cymn"
"CC1=CC(NC2=C1C=C(C=C2)OCC)(C)C","cnmn"
"O=C(OCC)C=C","cymn"
"CCO","cymn"
"ClC(C(C1=CC=C(C=C1)CC)C2=CC=C(C=C2)CC)Cl","cnmy"
"CC1(C2=CC=CC=C2)C(O1)C(=O)OCC","cnmn"
"NC(=O)N(CC)N=O","cymy"
"S=C(S[Te](SC(=S)N(CC)CC)(SC(=S)N(CC)CC)SC(=S)N(CC)CC)N(CC)CC","cnmn"
"CCC1=CC=CC=C1","cymn"
"C(CO)O","cnmn"
"C1CN1","cymy"
"C1CO1","cymy"
"S=C1NCCN1","cymy"
"CCC(COC(=O)CCCCC(=O)OCC(CCCC)CC)CCCC","cymn"
"O=C(C1=C(C=CC=C1)C(=O)OCC(CCCC)CC)OCC(CCCC)CC","cymn"
"N#CN(CC)N=O","cymy"
"OC1=C(C=C(C=C1)CC=C)OC","cnmn"
"[Na+].CN(C)c1ccc(/N=N/S([O-])(=O)=O)cc1","cnmy"
"S=P(OC1=CC(=C(C=C1)SC)C)(OC)OC","cnmn"
".[Cl-].[Fe+3].[Cl-].[Cl-]","cnmn"
"O=C(NC1=CC=CC(=C1)C(F)(F)F)N(C)C","cnmn"
"[Na+].[F-]","cnmn"
"O=C1C(=CNC(=O)N1)F","cymn"
"C=O","cymy"
"[O-][N+](=O)C1=CC=C(O1)C2=CSC(=N2)NNC=O","cymy"
"O=C(C[C@@H]([C@@](O)=O)CC(O)=O)O[C@H]([C@@H](C)CCCC)[C@@H](C[C@H](C)C[C@@H](O)CCCC[C@@H](O)C[C@H](O)[C@@H](N)C)OC(C[C@@H]([C@@](O)=O)CC(O)=O)=O","cymn"
"C1=COC=C1","cymn"
"O=CC1=CC=CO1","cymy"
"C1=C(CO)OC=C1","cymn"
"[Cl-].C/[N+](C)=C1\C=C/C(C=C1)=C(\c2ccc(cc2)N(C)C)c3ccc(cc3)N(C)C","cymn"
"O=C(C)OC/C=C(C)/CC/C=C(C)/C","cnmn"
"OC(=O)[C@@H]3[C@]51C[C@@](O)(CC[C@H]1[C@@]24\C=C/[C@H](O)[C@@](C)(C(=O)O2)[C@@H]34)C(=C)C5","cnmn"
"N1C2=C(N3C=1/C(=C\C=C/3)C)N=C(C=C2)N","cymy"
"N12C3=C(C=CC(=N3)N)N=C1C=CC=C2","cymy"
"O=CCCCC=O","cnmy"
"OC(CO)CCl","cnmy"
"OCC1CO1","cymy"
"C(/C1=C(C=C(C=C1)O)S(=O)(=O)[O-])(C2=CC=C(C=C2)N(CC3=CC(=CC=C3)S(=O)(=O)[O-])CC)=C4/C=C/C(C=C4)=[N+](\CC5=CC(=CC=C5)S(=O)(=O)[O-])CC.[Na+].[Na+]","cnmn"
"O=C2C1=C(OC)C=C(OC)C(Cl)=C1O[C@]32C(OC)=CC(C[C@@](C)3[H])=O","cymn"
"ClC1/C=C\C2C1C3(Cl)C(/Cl)=C(/Cl)C2(Cl)C3(Cl)Cl","cymn"
"ClC1=C(C(=C(C(=C1Cl)Cl)Cl)Cl)Cl","cymn"
"Cl\C(Cl)=C(Cl)/C(Cl)=C(Cl)\Cl","cymn"
"Cl[C@H]1[C@H](Cl)[C@@H](Cl)[C@H](Cl)[C@@H](Cl)[C@@H]1Cl","cymn"
"Cl[C@@H]1[C@@H](Cl)[C@H](Cl)[C@H](Cl)[C@@H](Cl)[C@@H]1Cl","cymn"
"ClC1(C(=C(C(=C1Cl)Cl)Cl)Cl)Cl","cnmn"
"ClC(C(Cl)(Cl)Cl)(Cl)Cl","cymn"
"OC1=C(C=C(C(=C1CC2=C(C(=CC(=C2Cl)Cl)Cl)O)Cl)Cl)Cl","cnmn"
"C1N2CN3CN(C2)CN1C3","cnmy"
"O=C(N(CCCCCC)N=O)N","cymy"
"OC1=C(C=CC(=C1)O)CCCCCC","cnmn"
"NN","cymy"
"OS(=O)(=O)O.NN","cymy"
"N(C1=CC=CC=C1)NC2=CC=CC=C2","cymy"
"O=S1(=O)C2=C(C=C(C(=C2)S(=O)(=O)N)Cl)NCN1","cnmn"
"OC1=CC=C(C=C1)O","cymn"
"CC(=O)N(O)C1=CC2=C(C=C1)C3=CC=CC=C3C2","cymy"
"O=C(N(CCO)N=O)N","cymy"
"OC1=CC=CC2=CC=CN=C12","cnmy"
"OC(C=C)C1=CC=C2OCOC2=C1","cymn"
"OC(=O)CC1=CNC2=C1C=CC=C2","cnmn"
"C1C(OC(O1)C(C)I)CO","cymy"
"IC(I)I","cnmy"
"NC1=NC(C3=C(N=CC=C3)C=C2)=C2N1C","cymy"
"NC1=NC(C3=C(N=CC=C3)C=C2)=C2N1C.[H]Cl","cymy"
"CC(CON=O)C","cymy"
"CC(C)C=O","cnmn"
"FC(C(OC(F)F)Cl)(F)F","cnmn"
"O=C(C1=CC=NC=C1)NN","cymy"
"CC1(CC(=CC(=O)C1)C)C","cymn"
"ClCCN[P]1(=O)OCCCN1CCCl","cymy"
"CC(=C)C=C","cymn"
"OC(C)C","cnmn"
"CC(OC1=CC=C(C=C1)NC2=CC=CC=C2)C","cnmn"
"C/C=C/C1=CC2=C(C=C1)OCO2","cnmn"
"O=C1C2=C(C=C(C=C2O)O)OC(=C1O)C3=CC=C(C=C3)O","cnmy"
"ClC54C(=O)C1(Cl)C2(Cl)C5(Cl)C3(Cl)C4(Cl)C1(Cl)C2(Cl)C3(Cl)Cl","cymn"
"O=C1C(O)=COC(CO)=C1","cymy"
"[H][C@]12N(CC=C2COC([C@@](O)(C(O)(C)C)[C@H](C)OC)=O)CC[C@@H]1OC(\C(C)=C/C)=O","cymy"
"S=C(S[Pb]SC(N(C)C)=S)N(C)C","cnmy"
"O=C(O)CC[C@@H](C)[C@]3([H])[C@](CC2)(C)[C@](CC3)([H])[C@@](CC4)([H])[C@@]2([H])[C@]1(C)[C@@]4([H])C[C@H](O)CC1","cnmn"
"O=C1C23C4C5C6(C(=O)C7=C(O)C(C)=CC(=C7C(C6=C(C2C5O)O)=O)O)C(C4O)C(=C3C(=O)C8=C1C(O)=C(C)C=C8O)O","cymn"
"O=C(C(SP(=O)(OC)OC)CC(=O)OCC)OCC","cnmn"
"O=C(C(SP(=S)(OC)OC)CC(=O)OCC)OCC","cnmn"
"O=C1C=CC(=O)NN1","cnmn"
"C(=C/C=O)\[O-].[Na+]","cymn"
"O=S(=O)([O-])[O-].O.[Mn+2]","cnmn"
"O[C@@H]([C@H](O)[C@H](O)CO)[C@H](O)CO","cnmn"
"[NH3+]C2=C(C)C=C(C3=N2)C1=C(N3)C=CC=C1.O=C([O-])C","cymy"
"NC(N3C)=NC2=C3C(C)=CC1=NC=CC=C12","cymy"
"CN1C2=C(C3=NC(=CN=C3C=C2)C)N=C1N","cymy"
"OC([C@H](CC1=CC=C(N(CCCl)CCCl)C=C1)N)=O","cymy"
"OC(CC(C1)C)C(C1)C(C)C","cnmn"
"SC1=NC2=C(C=CC=C2)S1","cymn"
"S=C1NC=NC2=C1N=CN2","cnmy"
"COc3cc4CC[C@@H]1[C@H](CC[C@]2(C)[C@@](O)(CC[C@@H]12)C#C)c4cc3","cnmn"
"CC(=C)C#N","cnmn"
"CN(C)CCN(CC2=CC=CS2)C1=NC=CC=C1.Cl","cymn"
"N/1C(N(\C=C\1)C)=S","cymn"
"NC(C(=O)O)CCSC","cnmn"
"NC1=C2C(=NC(=N1)N)N=CC(=N2)CN(C3=CC=C(C=C3)C(=O)N[C@@H](CCC(=O)O)C(=O)O)C","cnmn"
"ClC(C(C1=CC=C(C=C1)OC)C2=CC=C(C=C2)OC)(Cl)Cl","cnmn"
"COC1=CC=C(C=C1)O","cymn"
"COC1=C2C(=CC3=C1OC=C3)C=CC(=O)O2","cymy"
"CBr","cnmy"
"CC(OC)(C)C","cymn"
"NC(=O)OC","cymn"
"O=C(C(=C)C)OC","cnmn"
"CS(=O)(=O)OC","cymy"
"N=C(N(N=O)C)N[N+](=O)[O-]","cymy"
"O=C1C2=C(C(=CC=C2C(=O)C3=C1C=CC=C3)C)[N+](=O)[O-]","cymy"
"C(C1C=CC=CC=1)(=O)N(N=O)C","cymy"
"S=P(OC1=CC=C(C=C1)[N+](=O)[O-])(OC)OC","cnmy"
"O=C1N(CCC1)C","cymn"
"OC1=C(C=CC(=C1)C)O","cymn"
"Oc1ccc(C[C@](C)(N)C(O)=O)cc1O.OC(=O)[C@@](C)(N)Cc1cc(O)c(O)cc1.O.O.O","cnmn"
"ClC1=C(C=CC(=C1)CC2=CC(=C(C=C2)N)Cl)N","cymy"
"CC1=C(C=CC(=C1)CC2=CC(=C(C=C2)N)C)N","cymy"
"ClCCl","cymy"
"CN(C)C2=CC=C(C=C2)CC1=CC=C(N(C)C)C=C1","cymy"
"C(C1=CC=C(C=C1)N)C2=CC=C(C=C2)N.[H]Cl.[H]Cl","cymy"
"O(C)c1cc(CC=C)ccc1OC","cymn"
"CNN","cymy"
"CC1=NC=CN1","cymn"
"CC1=C2C(=CC=C1)C=CC=C2","cnmn"
"O=C(NCO)C=C","cymn"
"C(C1=CC=CC=C1)(C2CCCCN2)C(OC)=O.[H]Cl","cymn"
"CC1=CC2=CC=CN=C2C=C1","cnmy"
"CC1=CC=CC2=CC=CN=C12","cnmy"
"N1(C(=CN=C1C)[N+](=O)[O-])CCO","cymy"
"O=C(C1=CC=C(C=C1)N(C)C)C2=CC=C(C=C2)N(C)C","cymy"
"ClC53C1(Cl)C4(Cl)C2(Cl)C1(Cl)C(Cl)(Cl)C5(Cl)C2(Cl)C3(Cl)C4(Cl)Cl","cymn"
"O=C(C(C)=C4N)C2=C(C4=O)[C@](COC(N)=O)([H])[C@@](N2C3)(OC)[C@@]1([H])N[C@@]31[H]","cymy"
"O=[Mo](=O)=O","cymn"
"OC(=O)CCl","cnmn"
"[Na+].O=C([O-])[C@@H](N)CCC(O)=O","cnmn"
"CC(C(O)=O)(OC1=CC=C(C=C1)C2CCCC3=C2C=CC=C3)C","cymn"
"O=C1C2=C(N=C(C=C2)C)N(C=C1C(=O)O)CC","cymn"
"C1=C2C(=CC=C1)C=CC=C2","cymn"
"NC(=O)CC1=C2C(=CC=C1)C=CC=C2","cnmy"
"OC(=O)CC1=C2C(=CC=C1)C=CC=C2","cnmn"
"NC1=C2C(=CC=C1)C(=CC=C2)N","cymy"
"C12C(=CC=CC=1NCCN)C=CC=C2.[H]Cl.[H]Cl","cnmy"
"C1=C2C(=CC=C1NC3=CC=C(C=C3)NC4=CC=C5C(=C4)C=CC=C5)C=CC=C2","cnmy"
"NC(=S)NC1=C2C(=CC=C1)C=CC=C2","cnmy"
"NC1=CC2=C(C=CC=C2)C=C1","cymy"
"O=S(=O)([O-])[O-].O.O.O.O.O.O.[Ni+2]","cnmn"
"CN(CCC2)[C@@H]2[C@]1=CN=CC=C1","cnmn"
"CN(CCC2)[C@@H]2[C@]1=CN=CC=C1.Cl","cnmn"
"OC(=O)C1=CC=CN=C1","cnmn"
"[O-][N+](C1=CN=C(NC(NCC)=O)S1)=O","cymy"
"OC(=O)CN(CC(=O)O)CC(=O)O","cymn"
"N(CC(=O)[O-])(CC(=O)[O-])CC(=O)[O-].[Na+].[Na+].[Na+].O","cymn"
"O=N[O-].[Na+]","cymy"
"O=[N+](C1=CC(=C(C=C1)OC)N)[O-]","cymy"
"O=[N+](C1=CC=C(O1)/C=N/NC(=O)N)[O-]","cymy"
"O=C(C)NCC1=NC(=NO1)C2=CC=C(O2)[N+]([O-])=O","cymy"
"CC(=O)NC1=NN=C(S1)C2=CC=C(O2)[N+]([O-])=O","cymy"
"[O-][N+](C2=CC=C(O2)C1=CSC=N1)=O","cymy"
"[O-][N+](C1=CC=C(C2=CSC(NC(C)=O)=N2)O1)=O","cymy"
"[O-][N+](=O)C1=CC=C(O1)C2=CSC(=N2)NC=O","cymy"
"O[As](=O)(C1=CC(=C(C=C1)O)[N+](=O)[O-])O","cnmn"
"O=[N+](C1=CC(=C(C=C1)N)N)[O-]","cnmy"
"O=[N+](C1=CC(=C(C=C1)C)N)[O-]","cymy"
"O=[N+](C1=CC=C2C3=C1C=CC=C3CC2)[O-]","cymy"
"O=[N+](C1=CC=C(C=C1)N)[O-]","cnmy"
"COC1=C(C=CC=C1)[N+](=O)[O-]","cymy"
"O=[N+](C1=CC(=C(C=C1)C(=O)O)N)[O-]","cnmy"
"O=[N+](C1=CC=CC=C1)[O-]","cymn"
"O=[N+](C1=CC2=C(C=C1)NC=N2)[O-]","cymy"
"O=[N+](CC)[O-]","cnmn"
"ClC1=C(C=CC(=C1)Cl)OC2=CC=C(C=C2)[N+](=O)[O-]","cymy"
"[O-][N+](=O)c1ccc2c3ccccc3Cc2c1","cymy"
"O=C1N(CC(=O)N1)/N=C/C2=CC=C(O2)[N+](=O)[O-]","cymy"
"[O-][N+](C)=O","cymn"
"O=[N+](C1=C2C(=CC=C1)C=CC=C2)[O-]","cnmy"
"O=[N+](CCC)[O-]","cnmn"
"CC([N+](=O)[O-])C","cnmy"
"OC(=O)CC[N+](=O)[O-]","cnmy"
"O=[N+](C1=CC2=CC=CN=C2C=C1)[O-]","cnmy"
"O=[N+](C1=CC=CC2=CC=CN=C12)[O-]","cymy"
"N1C(N(CC(C1=O)C)N=O)=O","cnmy"
"O=NN1CCC(=O)NC1=O","cymy"
"O=NN(C)CCCCCCCCCCCC","cymy"
"C1=CC=CC(=C1)CCN(C)N=O","cymy"
"CN(C(=O)N)N=O","cymy"
"O=NN(CC=C1)CC1","cymy"
"O=NN(CCCC)CCCC","cymy"
"O=NN(CCO)CCO","cymy"
"CCN(CC)N=O","cymy"
"CN(N=O)C","cymy"
"O=NN(C1=CC=CC=C1)C2=CC=CC=C2","cymn"
"N(C1C=CC(=CC=1)N=O)C2=CC=CC=C2","cymy"
"O=NN(CCC)CCC","cymy"
"O=NN(CCCCCC1)CCCCCC1","cymy"
"CN(CC)N=O","cymy"
"O=C(N(CC)N=O)OCC","cymy"
"O=NN1CCCCCCC1","cymy"
"O=NN1CCCCCC1","cymy"
"C1(NC(CN1N=O)=O)=O","cymy"
"O=NN1CCOCC1","cymy"
"O=NN(CCN1)CC1","cymy"
"O=NN1CCCCC1","cymy"
"O=NN1CCCC1","cymy"
"O=NN1CCSCC1","cymy"
"[N+](=O)([O-])c1ccccc1C","cymn"
"O=C2CC3=C(CC2)[C@]1([H])[C@](CC3)([H])[C@@](CC4)([H])[C@]([C@]4(O)C#C)(C)CC1","cnmn"
"O=C(C1=CC=CC=C1)OOC(=O)C2=CC=CC=C2","cnmn"
"O=C(O[C@H](C)C2)C1=C2C(Cl)=CC(C(N[C@@H](CC3=CC=CC=C3)[C@@](O)=O)=O)=C1O","cymn"
"C12(=C(C=C(C=C1C=CC(=C2/N=N/C3=CC=CC=C3)O)S(=O)(=O)[O-])S(=O)(=O)[O-]).[Na+].[Na+]","cnmn"
"ClC1=CC=C2C(=C1)C(=NC(O)C(=O)N2)C3=CC=CC=C3","cymn"
"NC1=CC=C(C=C1)OC2=CC=C(C=C2)N","cymy"
"O=C3C[C@@H]4CC[C@@H]1[C@H](CC[C@]2(C)[C@@](C)(O)CC[C@@H]12)[C@@]4(C)C\C3=C\O","cymn"
"O=C1[C@](C(O)=C2[C@@]3([H])[C@@](O)(C)C4=C(C(O)=CC=C4)C2=O)(O)[C@]([C@H]3O)([H])[C@H](N(C)C)C(O)=C1C(N)=O.Cl","cnmn"
"S=P(OC1=CC=C(C=C1)[N+](=O)[O-])(OCC)OCC","cnmn"
"N12([C@@H]([C@@H](C1=O)NC(COC3=CC=CC=C3)=O)SC([C@@H]2C(=O)[O-])(C)C).[K+]","cnmn"
"ClC1=C(C(=C(C(=C1OC)Cl)Cl)Cl)Cl","cymy"
"ClC(C(Cl)Cl)(Cl)Cl","cymn"
"OC1=C(C(=C(C(=C1Cl)Cl)Cl)Cl)Cl","cymn"
"OC1=C(C(=C(C(=C1Cl)Cl)Cl)Cl)Cl","cymn"
"OC1=C(C(=C(C(=C1Cl)Cl)Cl)Cl)Cl","cymn"
"[O-][N+](OCC(CO[N+]([O-])=O)(CO[N+]([O-])=O)CO[N+]([O-])=O)=O","cnmn"
"CC(=O)NC1=CC=C(C=C1)OCC","cymy"
"CN1N(C2=CC=CC=C2)C(=O)C=C1C","cymn"
"NC1=CC=C(/N=N/C2=CC=CC=C2)C(N)=N1.Cl","cymn"
"O=C(O[C@@H]5CC([C@@](CC5)(C)[C@]([H])3CC4)=CC[C@@]3([H])[C@@]2([H])[C@@]4(C)[C@]([C@H](C)CCCC(C)C)([H])CC2)CC1=CC=C(N(CCCl)CCCl)C=C1","cymn"
"C1(CCNC(NC(N)=N)=N)=CC=CC=C1.[H]Cl","cnmn"
"O=C1C(C2=CC=CC=C2)(C(=O)NC(=O)N1)CC","cymy"
"C1(C2=CC=CC=C2)(C(NC(=NC1=O)[O-])=O)CC.[Na+]","cymn"
"OC1=CC=CC=C1","cnmn"
"O=C1OC(C2=C1C=CC=C2)(C3=CC=C(C=C3)O)C4=CC=C(C=C4)O","cymn"
"N1C2=C(C=CC=C2)SC3=CC=CC=C13","cnmn"
"ClCCN(C(COC2=CC=CC=C2)C)CC1=CC=CC=C1.Cl","cymy"
"O=C1N(C2=CC=CC=C2)N=C(C1)C","cnmn"
"C1=C2C(=CC=C1NC3=CC=CC=C3)C=CC=C2","cnmn"
"NC1(=CC=C(C=C1)NC2=CC=CC=C2).[H]Cl","cnmn"
"NC(=S)NC1=CC=CC=C1","cnmn"
"OC1=CC=C2C(=C1/N=N/C3=CC=CC=C3)C=CC=C2","cymy"
"O=C1N(C2=CC=CC=C2)N(C3=CC=CC=C3)C(=O)C1CCCC","cymn"
"NC1=CC(=CC=C1)N","cnmy"
"NC1=CC=C(C=C1)N","cnmy"
"C1(=C(C=CC=C1N)N).[H]Cl.[H]Cl","cnmy"
"C1(=C(C=CC=C1)N)N.[H]Cl.[H]Cl","cymy"
"C1(=CC(=CC=C1N)N).[H]Cl.[H]Cl","cnmy"
"C1([C@H](CNC)O)(=CC(=CC=C1)O).[H]Cl","cnmn"
"C1(=CC=CC=C1)CCNN.S(O)(O)(=O)=O","cymy"
"O(C1=CC=CC=C1)CC2CO2","cymy"
"NNC1=CC=CC=C1.[H]Cl","cymy"
"CC(=O)O[Hg]C1=CC=CC=C1","cnmn"
"[Na+].[O-]C1=C(C=CC=C1)C2=CC=CC=C2","cymn"
"N1(=C2C(=CC(=C1)C3=CC=CC=C3)N(C(=N2)N)C).[H]Cl","cymy"
"O=P(OC(=C(C(=O)N(CC)CC)Cl)C)(OC)OC","cnmy"
"NC(=O)C1=C(C=CC=C1)C(=O)N","cnmn"
"O=C1C2=C(C=CC=C2)C(=O)O1","cnmn"
"ClC1=C(Cl)N=C(C(O)=O)C(Cl)=C1N","cnmn"
"C1CNCCN1","cnmn"
"CCCC1=CC2=C(C=C1COCCOCCOCCCC)OCO2","cymn"
"CCCC1=CC2=C(C=C1COCCOCCOCCCC)OCO2","cnmn"
"O(CC1(C)C)C1=O","cymy"
"C1(C(COCCOC(=O)CCCCCCCC=CCCCCCCCC)OCCO)OC(OCCO)CC1OCCO","cnmn"
".[K+].[Cl-]","cnmn"
"O=C1N2C(C3=C(C=CC=C3)CC2)CN(C1)C(=O)C4CCCCC4","cnmn"
"OCC(=O)[C@@]3(O)CC[C@H]2[C@@H]4CC\C1=C\C(=O)/C=C\[C@]1(C)[C@H]4C(=O)C[C@@]23C","cnmy"
"C2(=O)C(C1=CC=CC=C1)(CC)C(=O)NCN2","cymy"
"CNNCC1(=CC=C(C=C1)C(=O)NC(C)C).[H]Cl","cymn"
"N1(C2C(SC3=C1C=CC=C3)=CC=CC=2)CC(N(C)C)C.[H]Cl","cnmn"
"C1=CC=C2C(=C1)C=C(C=C2)C(CNC(C)C)O","cnmn"
"C12=C(C=CC(=C1)C(CNC(C)C)O)C=CC=C2.[H]Cl","cnmn"
"O=S1(=O)CCCO1","cymy"
"O=C1CCO1","cymy"
"O=C(C1=CC(=C(C(=C1)O)O)O)OCCC","cnmn"
"O=NN(C(=O)N)CCC","cymy"
"CC=C","cnmy"
"CC(CO)O","cnmn"
"OC(COC(C)(C)C)C","cymy"
"CC1CO1","cymy"
"O=C1C=C(NC(=S)N1)CCC","cymn"
"NC(=O)C1=NC=CN=C1","cnmn"
"N1=CC=CC=C1","cymn"
"NC1=C(C(=NC(=N1)N)CC)C2=CC=C(C=C2)Cl","cnmn"
"O=C1C2=C(C=C(C=C2O)O)OC(=C1O)C3=CC(=C(C=C3)O)O","cymy"
"CC1=CC(C4=CC(C)=C(/N=N/C5=CC=C(OS(=O)(C6=CC=C(C)C=C6)=O)C=C5)C=C4)=CC=C1/N=N/C2=C(O)C=CC3=CC(S(=O)([O-])=O)=CC(S(=O)([O-])=O)=C23.[Na+].[Na+]","cymy"
"C12(C(=C(/N=N/C3=C(C4=C(C(=C3)S(=O)(=O)[O-])C=CC=C4)O)C=CC=1S(=O)(=O)[O-])C=CC=C2).[Na+].[Na+]","cnmy"
"OC1=CC=C2C(=C1/N=N/C3=C(C=C(C=C3)C)[N+](=O)[O-])C=CC=C2","cymy"
"[O-][N+](=O)C1=CC=CC(=C1)NC(=O)C2=CC3=CC=CC=C3C(=C2O)/N=N/C4=CC(=CC=C4OC)[N+]([O-])=O","cnmy"
"C12(C(=CC(=C(C=1/N=N/C3=C(C=C(C=C3)C)C)O)S(=O)(=O)[O-])C=C(C=C2)S(=O)(=O)[O-]).[Na+].[Na+]","cymy"
"ClC(C(C)=C2)=CC(S(=O)([O-])=O)=C2/N=N/C1=C3C(C=CC=C3)=CC=C1O.ClC(C(C)=C5)=CC(S(=O)([O-])=O)=C5/N=N/C4=C6C(C=CC=C6)=CC=C4O.[Ba+2]","cymy"
"[Na+].C1(=CC=C2C(=C1S([O-])(=O)=O)C=CC=C2)/N=N/C3=C(C=CC4=C3C=CC=C4)O","cnmn"
"CC1=CC(C)=C(/N=N/C2=C(C(S([O-])(=O)=O)=CC3=C2C=CC(S([O-])(=O)=O)=C3)O)C=C1C.[Na+].[Na+]","cymn"
"[O-]C1=C(I)C=C(C(C2=C(C([O-])=O)C=CC=C2)=C3C=C(C(C(I)=C3O4)=O)I)C4=C1I.[Na+].[Na+]","cnmn"
"C1(=C(C=C(N)C=C1)[N+](=O)[O-])NCCO","cnmy"
"O=C(C4=CC(OC)=C(OC)C(OC)=C4)O[C@@H]1C[C@@]3([H])[C@@](C[C@](N5C3)([H])C2=C(CC5)C(C=C6)=C(C=C6OC)N2)([H])[C@H]([C@](OC)=O)[C@H]1OC","cymn"
"OC1=CC(=CC=C1)O","cnmn"
"CC1(C(=C(CCC1)C)C=CC(=CC=CC(=CCOC(=O)CCCCCCCCCCCCCCC)C)C)C","cnmn"
"O=C(OCC)C4=C(C=CC=C4)C(C(C=C(C)C(NCC)=C3)=C3O1)=C(C=C2C)C1=C/C2=N/CC.Cl","cnmn"
"[H][C@]12C3=CCN1CC[C@H]2OC(/C(CC([C@@](CO)(O)C(OC3)=O)=C)=C\C)=O","cymy"
"C1=C(C=CC(=C1)C(C2=CC=C(N)C(=C2)C)=C3C=CC(=N)C=C3)N.[H]Cl","cnmy"
"C(C1=CC=C(C=C1)N)(C2=CC=C(C=C2)N)=C3C=CC(C=C3)=N.[H]Cl","cymy"
"O=C([C@](C(C=C4OC)=C(C=C4OC)OC3)([H])[C@]3([H])O2)C(C=C5)=C2C1=C5O[C@@H]([C@@](C)=C)C1","cnmn"
"OC2=CC1=C(C(O)=C2)C(C(O[C@@H]4O[C@@H]([C@H]([C@H](O)[C@H]4O)O)CO[C@H]3[C@H](O)[C@H](O)[C@H]([C@H](C)O3)O)=C(C5=CC(O)=C(C=C5)O)O1)=O","cnmy"
"C12=C(C(=O)NS1(=O)=O)C=CC=C2","cnmn"
"C=CCC1=CC=C2C(=C1)OCO2","cymn"
"C3=CC=CC(NS(=O)(=O)C2=CC=C(N=NC1=CC=C(O)C(C(O)=O)=C1)C=C2)=N3","cymn"
"O=C([C@H](CO)[C@]2=CC=CC=C2)O[C@@H]1C[C@H](N4C)[C@@H](O3)[C@@H]3[C@@H]4C1.Br.O.O.O","cnmn"
"[Se]=S","cymy"
"ClC1=NC(=NC(=N1)NCC)NCC","cnmn"
".[Na+].[Cl-]","cnmn"
"O.[Na+].O.O.CCN(CC)C([S-])=S","cnmn"
"Cl[O-].[Na+]","cnmn"
"OC(=O)C=CC=CC","cnmn"
"O=C1C2=C(C=C3C(=C2OC4=CC=CC(=C14)O)C5C(O3)OC=C5)OC","cymy"
"[C@@H]1(NC(N(N=O)C)=O)[C@H]([C@H](O)[C@H](O[C@@H]1O)CO)O","cymy"
"C=CC1=CC=CC=C1","cymy"
"C1C(C2=CC=CC=C2)O1","cymy"
"O=C1OC(=O)CC1","cnmn"
"O[C@H]1[C@H](O[C@H](CO)[C@@H](O)[C@@H]1O)O[C@]2(CO)O[C@H](CO)[C@@H](O)[C@@H]2O","cnmn"
"S=C(N(CC)CC)SCC(=C)Cl","cymy"
"O=S(=O)(C1=CC=C(C=C1)N)NC2=NC(=CC(=N2)C)C","cymn"
"C2=C(N)C=CC(S(=O)(=O)NC1ON=C(C)C=1C)=C2","cnmn"
"O=S1(=O)CC=CC1","cnmn"
"CC(C)CC(=O)O[C@H]1C[C@]2(COC(C)=O)[C@@]4(C)[C@H](OC(C)=O)[C@@H](O)[C@@H](O[C@@H]2/C=C1/C)[C@]34CO3","cymn"
"ClC(=C(C1=CC=C(C=C1)OC)C2=CC=C(C=C2)OC)C3=CC=C(C=C3)OC","cnmn"
"NCCS(O)(=O)=O","cnmn"
"Cl\C=C\CCl","cymy"
"Cl\C=C\CCl","cymy"
"Clc1c([N+]([O-])=O)c(Cl)c(Cl)c(OC)c1Cl","cnmn"
"ClC1=CC(=C(C=C1C2=C(C=C(C(=C2)Cl)N)Cl)Cl)N","cnmy"
"ClC1=CC2=C(C=C1Cl)OC3=C(C=C(C(=C3)Cl)Cl)O2","cymn"
"ClC(CCl)(Cl)Cl","cymn"
"ClC(C(Cl)Cl)Cl","cymn"
"ClC(=C(Cl)Cl)Cl","cymn"
"Cl.CN(C)[C@@H]2C(\O)=C(\C(N)=O)C(=O)[C@@]3(O)C(/O)=C4/C(=O)c1c(cccc1O)[C@@](C)(O)[C@H]4C[C@@H]23","cnmn"
"S=C(N(CC)CC)SSC(=S)N(CC)CC","cnmn"
"OC2=C1[C@@](C=C(C)CC3)([H])[C@]3([H])C(C)(C)OC1=CC(CCCCC)=C2","cnmn"
"C1CCCO1","cymn"
"[Cl-].OC[P+](CO)(CO)CO","cnmn"
"OC[P+](CO)(CO)CO.[O-]S([O-])(=O)=O.OC[P+](CO)(CO)CO","cnmn"
"S=C(N(C)C)SSC(=S)N(C)C","cnmy"
"O=[N+](C([N+](=O)[O-])([N+](=O)[O-])[N+](=O)[O-])[O-]","cymy"
"O=C2C=1/N=C\NC=1N(C)C(=O)N2C","cnmn"
"N1C(=NC2=C1C=CC=C2)C3=CSC=N3","cnmy"
"S=P(N1CC1)(N1CC1)N1CC1","cymy"
"CC(=S)N","cymn"
"CC(C1=CC(=C(C=C1O)C)SC2=CC(=C(C=C2C)O)C(C)(C)C)(C)C","cnmn"
"OC1=C(C=C(C=C1SC2=C(C(=CC(=C2)Cl)Cl)O)Cl)Cl","cnmn"
"C1(=CC=C(C=C1)SC2=CC=C(C=C2)N)N","cymy"
"[Sn+2].[Cl-].[Cl-]","cnmn"
"O=[Ti]=O","cnmn"
"[Ti+2](C1=CC=CC1)C2(=CC=CC2).[Cl-].[Cl-]","cnmy"
"C1(=C(C)C2OC(CCC=2C(=C1OC(=O)C)C)(CCCC(CCCC(CCCC(C)C)C)C)C)C","cnmn"
"O=S(=O)(C1=CC=C(C=C1)C)NC(=O)NN2CCCCCC2","cnmn"
"O=S(=O)(C1=CC=C(C=C1)C)NC(=O)NCCCC","cnmn"
"CC1=CC=CC=C1","cymn"
"O=C=NC1=CC(N=C=O)=CC=C1C","cymy"
"NC1=CC=CC(C)=C1.[H]Cl","cymy"
"C1(=CC=C(N)C=C1)C.[H]Cl","cymy"
"ClC2(Cl)C1(Cl)C(=C)C(CCl)(CCl)C2(Cl)C(Cl)C1Cl","cymy"
"NC1=C2C(=NC(=N1)N)N=C(C(=N2)C3=CC=CC=C3)N","cymn"
"BrC(Br)Br","cymy"
"CCCCOP(=O)(OCCCC)OCCCC","cymn"
"ClC(C(=O)O)(Cl)Cl","cymn"
"NC1=C(C=C(C=C1Cl)Cl)Cl","cymn"
"ClC(CCl)Cl","cymn"
"CC(Cl)(Cl)Cl","cnmy"
"ClC(=CCl)Cl","cymn"
"ClC(=CCl)Cl","cymn"
"FC(Cl)(Cl)Cl","cnmn"
"O=C1N(C(=O)C2=C1C=CC=C2)SC(Cl)(Cl)Cl","cymy"
"OC1=C(C=C(C=C1Cl)Cl)Cl","cymn"
"ClC1=C(C=C(C(=C1)Cl)Cl)OCC(=O)O","cnmn"
"ClCC(Cl)CCl","cymy"
"O=P(OC2=CC=C(C)C=C2)(OC3=CC=C(C)C=C3)OC1=CC=C(C)C=C1","cnmn"
"OCCN(CCO)CCO","cymn"
"[O-][N+](C1=CC=C(C2=CSC(NC(C(F)(F)F)=O)=N2)O1)=O","cymy"
"O=[N+](C1=C(C(=CC(=C1)C(F)(F)F)[N+](=O)[O-])N(CCC)CCC)[O-]","cymy"
"CC1=CC(=C(C=C1C)N)C","cymy"
"C1=C(C(=CC(=C1N)C)C)C.[H]Cl","cymy"
"O[Sn](C1=CC=CC=C1)(C2=CC=CC=C2)C3=CC=CC=C3","cnmn"
"CC3=CC=C(C=C3)\C(C2=CC=CC=N2)=C/CN1CCCC1.O.Cl","cnmn"
"O=P(OCCCl)(OCCCl)OCCCl","cymn"
"O=P(OCC(CBr)Br)(OCC(CBr)Br)OCC(CBr)Br","cymy"
"O=P(OC(CCl)CCl)(OC(CCl)CCl)OC(CCl)CCl","cymy"
"N1C2=C(C3=C1C=CC=C3)C(=NC(=C2C)N)C.CC(=O)O","cymy"
"N1C2=C(C3=C1C=CC=C3)C(=NC(=C2)N)C.CC(=O)O","cymy"
"O=C(O)[C@@H](N)CC1=CNC2=C1C=CC=C2","cnmn"
"O=C(CC(/C=C/C2=CC=C(O)C(OC)=C2)=O)/C=C/C1=CC=C(O)C(OC)=C1","cnmn"
"O=C1NC(=O)NC=C1","cymn"
"C(N)(N)=O","cnmn"
"NC(=O)OCC","cymy"
"CC(=O)OC=C","cymn"
"C=CBr","cymy"
"C=CCl","cymy"
"C=CF","cymy"
"CC1=CC=CC(C=C)=C1","cnmn"
"C=C(Cl)Cl","cymy"
"C=C(F)F","cnmy"
"O=C1N(C=C)CCC1","cymn"
"C(/C1=CC=C(C=C1)N(CC2=CC(=CC=C2)S(=O)(=O)[O-])CC)(=C3\C=C/C(C=C3)=[N+](/CC4=CC(=CC=C4)S(=O)(=O)[O-])CC)C5=CC=C(C=C5)N(C)C.[Na+]","cymy"
"CC1=CC=CC(C)=C1","cymn"
"CC1=CC=CC(C)=C1","cnmn"
"C1(C(=CC=C(C=1)C)C)N.[H]Cl","cymy"
"OC1=C(C=C(C=C1)C)/N=N/C2=CC=C(C=C2)NC(=O)C","cymy"
"C1=CC=C(NC(=O)C(/N=N/C2=C(Cl)C=C(C3=CC(Cl)=C(/N=N/C(C(=O)NC4=CC=CC=C4)C(=O)C)C=C3)C=C2)C(=O)C)C=C1","cnmn"
"O=C([O-])C(NN1C2=CC=C(S(=O)([O-])=O)C=C2)=C(/N=N/C3=CC=C(S(=O)([O-])=O)C=C3)C1=O.[Na+].[Na+].[Na+]","cnmn"
"O=S(C1=CC=C2C(C=CC(O)=C2\N=N/C3=CC=C(S(=O)([O-])=O)C=C3)=C1)([O-])=O.[Na+].[Na+]","cnmn"
"OCCNC1=C(OCCO)C=C([N+]([O-])=O)C=C1","cnmy"
"OC1=CC(=CC2=C1C(=O)O[C@H](CCCC(=O)CCC/C=C\2)C)O","cymn"
"S=C([S-])N(C)C.[S-]C(N(C)C)=S.[Zn+2]","cymy"
"C1(CN(N=O)CC(O1)C)C","cymy"
"CCOC(=O)N(C)N=O","cymy"
"O=C(NC3=CC2=C(C=C3)C1=CC=C(NC(C)=O)C=C1C2)C","cnmy"
"OCC(=O)[C@@]4(O)C[C@H](O[C@H]1C[C@H](N)[C@H](O)[C@H](C)O1)c5c(O)c3C(=O)c2c(OC)cccc2C(=O)c3c(O)c5C4","cnmy"
